"STATION","NAME","LATITUDE","LONGITUDE","ELEVATION","DATE","DAPR","MDPR","PRCP","SNOW","SNWD","TMAX","TMIN","TOBS"
"USC00450587","BELLINGHAM 3 SSW, WA US","48.7177","-122.5113","4.6","2019-01-01",,,"0.00","0.0","0.0","41","32","40"
"USC00450587","BELLINGHAM 3 SSW, WA US","48.7177","-122.5113","4.6","2019-01-02",,,"0.04","0.0","0.0","49","33","42"
"USC00450587","BELLINGHAM 3 SSW, WA US","48.7177","-122.5113","4.6","2019-01-03",,,"0.97","0.0","0.0","52","41","50"
"USC00450587","BELLINGHAM 3 SSW, WA US","48.7177","-122.5113","4.6","2019-01-04",,,"0.25","0.0","0.0","54","49","51"
"USC00450587","BELLINGHAM 3 SSW, WA US","48.7177","-122.5113","4.6","2019-01-05",,,"0.00","0.0","0.0","51","39","45"
"USC00450587","BELLINGHAM 3 SSW, WA US","48.7177","-122.5113","4.6","2019-01-06",,,"0.20","0.0","0.0","48","42","43"
"USC00450587","BELLINGHAM 3 SSW, WA US","48.7177","-122.5113","4.6","2019-01-07",,,"0.16","0.0","0.0","46","35","39"
"USC00450587","BELLINGHAM 3 SSW, WA US","48.7177","-122.5113","4.6","2019-01-08",,,"0.02","0.0","0.0","41","28","39"
"USC00450587","BELLINGHAM 3 SSW, WA US","48.7177","-122.5113","4.6","2019-01-09",,,"0.15","0.0","0.0","57","37","44"
"USC00450587","BELLINGHAM 3 SSW, WA US","48.7177","-122.5113","4.6","2019-01-10",,,"0.03","0.0","0.0","56","44","44"
"USC00450587","BELLINGHAM 3 SSW, WA US","48.7177","-122.5113","4.6","2019-01-11",,,"0.00","0.0","0.0","54","40","47"
"USC00450587","BELLINGHAM 3 SSW, WA US","48.7177","-122.5113","4.6","2019-01-12",,,"0.01","0.0","0.0","50","31","46"
"USC00450587","BELLINGHAM 3 SSW, WA US","48.7177","-122.5113","4.6","2019-01-13",,,"0.00","0.0","0.0","51","31","45"
"USC00450587","BELLINGHAM 3 SSW, WA US","48.7177","-122.5113","4.6","2019-01-14",,,"0.01","0.0","0.0","45","28","41"
"USC00450587","BELLINGHAM 3 SSW, WA US","48.7177","-122.5113","4.6","2019-01-15",,,"0.00","0.0","0.0","48","27","42"
"USC00450587","BELLINGHAM 3 SSW, WA US","48.7177","-122.5113","4.6","2019-01-16",,,"0.00","0.0","0.0","45","28","42"
"USC00450587","BELLINGHAM 3 SSW, WA US","48.7177","-122.5113","4.6","2019-01-17",,,"0.05","0.0","0.0","55","34","53"
"USC00450587","BELLINGHAM 3 SSW, WA US","48.7177","-122.5113","4.6","2019-01-18",,,"0.18","0.0","0.0","54","45","51"
"USC00450587","BELLINGHAM 3 SSW, WA US","48.7177","-122.5113","4.6","2019-01-19",,,"0.15","0.0","0.0","53","44","48"
"USC00450587","BELLINGHAM 3 SSW, WA US","48.7177","-122.5113","4.6","2019-01-20",,,"0.00","0.0","0.0","49","35","44"
"USC00450587","BELLINGHAM 3 SSW, WA US","48.7177","-122.5113","4.6","2019-01-21",,,"0.00","0.0","0.0","45","32","43"
"USC00450587","BELLINGHAM 3 SSW, WA US","48.7177","-122.5113","4.6","2019-01-22",,,"0.09","0.0","0.0","47","37","44"
"USC00450587","BELLINGHAM 3 SSW, WA US","48.7177","-122.5113","4.6","2019-01-23",,,"0.62","0.0","0.0","50","40","43"
"USC00450587","BELLINGHAM 3 SSW, WA US","48.7177","-122.5113","4.6","2019-01-24",,,"0.00","0.0","0.0","46","37","45"
"USC00450587","BELLINGHAM 3 SSW, WA US","48.7177","-122.5113","4.6","2019-01-25",,,"0.02","0.0","0.0","47","39","46"
"USC00450587","BELLINGHAM 3 SSW, WA US","48.7177","-122.5113","4.6","2019-01-26",,,"0.02","0.0","0.0","49","42","46"
"USC00450587","BELLINGHAM 3 SSW, WA US","48.7177","-122.5113","4.6","2019-01-27",,,"0.00","0.0","0.0","46","32","44"
"USC00450587","BELLINGHAM 3 SSW, WA US","48.7177","-122.5113","4.6","2019-01-28",,,"0.00","0.0","0.0","49","30","46"
"USC00450587","BELLINGHAM 3 SSW, WA US","48.7177","-122.5113","4.6","2019-01-29",,,"0.00","0.0","0.0","49","27","40"
"USC00450587","BELLINGHAM 3 SSW, WA US","48.7177","-122.5113","4.6","2019-01-30",,,"0.00","0.0","0.0","45","29","44"
"USC00450587","BELLINGHAM 3 SSW, WA US","48.7177","-122.5113","4.6","2019-01-31",,,"0.00","0.0","0.0","47","36","45"
"USC00450587","BELLINGHAM 3 SSW, WA US","48.7177","-122.5113","4.6","2019-02-01",,,"0.33","0.0","0.0","50","37","48"
"USC00450587","BELLINGHAM 3 SSW, WA US","48.7177","-122.5113","4.6","2019-02-02",,,"0.08","0.0","0.0","48","43","44"
"USC00450587","BELLINGHAM 3 SSW, WA US","48.7177","-122.5113","4.6","2019-02-03",,,"0.01","0.1","0.0","44","25","25"
"USC00450587","BELLINGHAM 3 SSW, WA US","48.7177","-122.5113","4.6","2019-02-04",,,"0.07","0.0","0.0","28","15","25"
"USC00450587","BELLINGHAM 3 SSW, WA US","48.7177","-122.5113","4.6","2019-02-05",,,"0.00","0.0","0.0","36","14","32"
"USC00450587","BELLINGHAM 3 SSW, WA US","48.7177","-122.5113","4.6","2019-02-06",,,"0.00","0.0","0.0","39","14","35"
"USC00450587","BELLINGHAM 3 SSW, WA US","48.7177","-122.5113","4.6","2019-02-07",,,"0.00","0.0","0.0","39","15","35"
"USC00450587","BELLINGHAM 3 SSW, WA US","48.7177","-122.5113","4.6","2019-02-08",,,"0.01",,,"35","27","33"
"USC00450587","BELLINGHAM 3 SSW, WA US","48.7177","-122.5113","4.6","2019-02-09",,,"0.00","0.0","0.0","33","24","28"
"USC00450587","BELLINGHAM 3 SSW, WA US","48.7177","-122.5113","4.6","2019-02-10",,,"0.00","0.0","0.0","34","15","30"
"USC00450587","BELLINGHAM 3 SSW, WA US","48.7177","-122.5113","4.6","2019-02-11",,,"0.38",,,"34","26","26"
"USC00450587","BELLINGHAM 3 SSW, WA US","48.7177","-122.5113","4.6","2019-02-12",,,"0.32",,"6.0","33","25","33"
"USC00450587","BELLINGHAM 3 SSW, WA US","48.7177","-122.5113","4.6","2019-02-13",,,"0.22",,"7.0","40","26","34"
"USC00450587","BELLINGHAM 3 SSW, WA US","48.7177","-122.5113","4.6","2019-02-14",,,"0.00","0.0","0.0","37","34","37"
"USC00450587","BELLINGHAM 3 SSW, WA US","48.7177","-122.5113","4.6","2019-02-15",,,"0.24","0.0","0.0","46","33","44"
"USC00450587","BELLINGHAM 3 SSW, WA US","48.7177","-122.5113","4.6","2019-02-16",,,"0.02","0.0","0.0","46","30","43"
"USC00450587","BELLINGHAM 3 SSW, WA US","48.7177","-122.5113","4.6","2019-02-17",,,"0.02","0.0","0.0","48","29","42"
"USC00450587","BELLINGHAM 3 SSW, WA US","48.7177","-122.5113","4.6","2019-02-18",,,"0.00","0.0","0.0","42","26","38"
"USC00450587","BELLINGHAM 3 SSW, WA US","48.7177","-122.5113","4.6","2019-02-19",,,"0.25","0.0","0.0","39","33","37"
"USC00450587","BELLINGHAM 3 SSW, WA US","48.7177","-122.5113","4.6","2019-02-20",,,"0.16","0.0","0.0","47","32","42"
"USC00450587","BELLINGHAM 3 SSW, WA US","48.7177","-122.5113","4.6","2019-02-21",,,"0.00","0.0","0.0","46","27","42"
"USC00450587","BELLINGHAM 3 SSW, WA US","48.7177","-122.5113","4.6","2019-02-22",,,"0.14","0.0","0.0","42","32","38"
"USC00450587","BELLINGHAM 3 SSW, WA US","48.7177","-122.5113","4.6","2019-02-23",,,"0.08","0.0","0.0","48","33","44"
"USC00450587","BELLINGHAM 3 SSW, WA US","48.7177","-122.5113","4.6","2019-02-24",,,"0.03","0.0","0.0","49","34","46"
"USC00450587","BELLINGHAM 3 SSW, WA US","48.7177","-122.5113","4.6","2019-02-25",,,"0.00","0.0","0.0","46","29","35"
"USC00450587","BELLINGHAM 3 SSW, WA US","48.7177","-122.5113","4.6","2019-02-26",,,"0.00","0.0","0.0","42","25","39"
"USC00450587","BELLINGHAM 3 SSW, WA US","48.7177","-122.5113","4.6","2019-02-27",,,"0.00","0.0","0.0","43","28","43"
"USC00450587","BELLINGHAM 3 SSW, WA US","48.7177","-122.5113","4.6","2019-02-28",,,"0.00","0.0","0.0","47","28","44"
"USC00450587","BELLINGHAM 3 SSW, WA US","48.7177","-122.5113","4.6","2019-03-01",,,"0.00","0.0","0.0","49","24","42"
"USC00450587","BELLINGHAM 3 SSW, WA US","48.7177","-122.5113","4.6","2019-03-02",,,"0.00","0.0","0.0","50","25","45"
"USC00450587","BELLINGHAM 3 SSW, WA US","48.7177","-122.5113","4.6","2019-03-03",,,"0.00","0.0","0.0","47","29","43"
"USC00450587","BELLINGHAM 3 SSW, WA US","48.7177","-122.5113","4.6","2019-03-04",,,"0.00","0.0","0.0","48","23","44"
"USC00450587","BELLINGHAM 3 SSW, WA US","48.7177","-122.5113","4.6","2019-03-05",,,"0.00","0.0","0.0","50","22","45"
"USC00450587","BELLINGHAM 3 SSW, WA US","48.7177","-122.5113","4.6","2019-03-06",,,"0.11","0.1","0.0","45","22","33"
"USC00450587","BELLINGHAM 3 SSW, WA US","48.7177","-122.5113","4.6","2019-03-07",,,"0.19","0.0","0.0","46","32","43"
"USC00450587","BELLINGHAM 3 SSW, WA US","48.7177","-122.5113","4.6","2019-03-08",,,"0.06","0.0","0.0","46","34","43"
"USC00450587","BELLINGHAM 3 SSW, WA US","48.7177","-122.5113","4.6","2019-03-09",,,"0.00","0.0","0.0","49","25","42"
"USC00450587","BELLINGHAM 3 SSW, WA US","48.7177","-122.5113","4.6","2019-03-10",,,"0.00","0.0","0.0","49","27","48"
"USC00450587","BELLINGHAM 3 SSW, WA US","48.7177","-122.5113","4.6","2019-03-11",,,"0.00","0.0","0.0","49","30","49"
"USC00450587","BELLINGHAM 3 SSW, WA US","48.7177","-122.5113","4.6","2019-03-12",,,"0.30","0.0","0.0","49","35","47"
"USC00450587","BELLINGHAM 3 SSW, WA US","48.7177","-122.5113","4.6","2019-03-13",,,"0.00","0.0","0.0","51","35","49"
"USC00450587","BELLINGHAM 3 SSW, WA US","48.7177","-122.5113","4.6","2019-03-14",,,"0.00","0.0","0.0","51","35","51"
"USC00450587","BELLINGHAM 3 SSW, WA US","48.7177","-122.5113","4.6","2019-03-15",,,"0.06","0.0","0.0","55","35","52"
"USC00450587","BELLINGHAM 3 SSW, WA US","48.7177","-122.5113","4.6","2019-03-16",,,"0.00","0.0","0.0","55","35","53"
"USC00450587","BELLINGHAM 3 SSW, WA US","48.7177","-122.5113","4.6","2019-03-17",,,"0.00","0.0","0.0","60","33","55"
"USC00450587","BELLINGHAM 3 SSW, WA US","48.7177","-122.5113","4.6","2019-03-18",,,"0.00","0.0","0.0","60","34","58"
"USC00450587","BELLINGHAM 3 SSW, WA US","48.7177","-122.5113","4.6","2019-03-19",,,"0.00","0.0","0.0","65","34","61"
"USC00450587","BELLINGHAM 3 SSW, WA US","48.7177","-122.5113","4.6","2019-03-20",,,"0.00","0.0","0.0","62","35","60"
"USC00450587","BELLINGHAM 3 SSW, WA US","48.7177","-122.5113","4.6","2019-03-21",,,"0.00","0.0","0.0","60","37","56"
"USC00450587","BELLINGHAM 3 SSW, WA US","48.7177","-122.5113","4.6","2019-03-22",,,"0.00","0.0","0.0","63","41","63"
"USC00450587","BELLINGHAM 3 SSW, WA US","48.7177","-122.5113","4.6","2019-03-23",,,"0.05","0.0","0.0","63","46","59"
"USC00450587","BELLINGHAM 3 SSW, WA US","48.7177","-122.5113","4.6","2019-03-24",,,"0.00","0.0","0.0","59","40","54"
"USC00450587","BELLINGHAM 3 SSW, WA US","48.7177","-122.5113","4.6","2019-03-25",,,"0.00","0.0","0.0","54","39","39"
"USC00450587","BELLINGHAM 3 SSW, WA US","48.7177","-122.5113","4.6","2019-03-26",,,"0.51","0.0","0.0","58","39","57"
"USC00450587","BELLINGHAM 3 SSW, WA US","48.7177","-122.5113","4.6","2019-03-27",,,"0.00","0.0","0.0","67","33","56"
"USC00450587","BELLINGHAM 3 SSW, WA US","48.7177","-122.5113","4.6","2019-03-28",,,"0.00","0.0","0.0","61","43","58"
"USC00450587","BELLINGHAM 3 SSW, WA US","48.7177","-122.5113","4.6","2019-03-29",,,"0.00","0.0","0.0","61","40","60"
"USC00450587","BELLINGHAM 3 SSW, WA US","48.7177","-122.5113","4.6","2019-03-30",,,"0.00","0.0","0.0","62","39","60"
"USC00450587","BELLINGHAM 3 SSW, WA US","48.7177","-122.5113","4.6","2019-03-31",,,"0.00","0.0","0.0","61","37","60"
"USC00450587","BELLINGHAM 3 SSW, WA US","48.7177","-122.5113","4.6","2019-04-01",,,"0.00","0.0","0.0","62","36","61"
"USC00450587","BELLINGHAM 3 SSW, WA US","48.7177","-122.5113","4.6","2019-04-02",,,"0.00","0.0","0.0","67","37","62"
"USC00450587","BELLINGHAM 3 SSW, WA US","48.7177","-122.5113","4.6","2019-04-03",,,"0.24","0.0","0.0","62","49","54"
"USC00450587","BELLINGHAM 3 SSW, WA US","48.7177","-122.5113","4.6","2019-04-04",,,"0.01","0.0","0.0","66","47","61"
"USC00450587","BELLINGHAM 3 SSW, WA US","48.7177","-122.5113","4.6","2019-04-05",,,"0.03","0.0","0.0","66","47","53"
"USC00450587","BELLINGHAM 3 SSW, WA US","48.7177","-122.5113","4.6","2019-04-06",,,"0.12","0.0","0.0","61","46","53"
"USC00450587","BELLINGHAM 3 SSW, WA US","48.7177","-122.5113","4.6","2019-04-07",,,"0.03","0.0","0.0","58","41","58"
"USC00450587","BELLINGHAM 3 SSW, WA US","48.7177","-122.5113","4.6","2019-04-08",,,"0.04","0.0","0.0","58","38","51"
"USC00450587","BELLINGHAM 3 SSW, WA US","48.7177","-122.5113","4.6","2019-04-09",,,"0.24","0.0","0.0","58","45","56"
"USC00450587","BELLINGHAM 3 SSW, WA US","48.7177","-122.5113","4.6","2019-04-10",,,"0.43","0.0","0.0","58","45","50"
"USC00450587","BELLINGHAM 3 SSW, WA US","48.7177","-122.5113","4.6","2019-04-11",,,"0.37","0.0","0.0","53","41","48"
"USC00450587","BELLINGHAM 3 SSW, WA US","48.7177","-122.5113","4.6","2019-04-12",,,"0.33","0.0","0.0","57","43","56"
"USC00450587","BELLINGHAM 3 SSW, WA US","48.7177","-122.5113","4.6","2019-04-13",,,"0.76","0.0","0.0","58","44","58"
"USC00450587","BELLINGHAM 3 SSW, WA US","48.7177","-122.5113","4.6","2019-04-14",,,"0.00","0.0","0.0","58","44","49"
"USC00450587","BELLINGHAM 3 SSW, WA US","48.7177","-122.5113","4.6","2019-04-15",,,"0.03","0.0","0.0","56","36","53"
"USC00450587","BELLINGHAM 3 SSW, WA US","48.7177","-122.5113","4.6","2019-04-16",,,"0.00","0.0","0.0","56","38","55"
"USC00450587","BELLINGHAM 3 SSW, WA US","48.7177","-122.5113","4.6","2019-04-17",,,"0.13","0.0","0.0","59","46","57"
"USC00450587","BELLINGHAM 3 SSW, WA US","48.7177","-122.5113","4.6","2019-04-18",,,"0.28","0.0","0.0","58","49","57"
"USC00450587","BELLINGHAM 3 SSW, WA US","48.7177","-122.5113","4.6","2019-04-19",,,"0.60","0.0","0.0","59","51","59"
"USC00450587","BELLINGHAM 3 SSW, WA US","48.7177","-122.5113","4.6","2019-04-20",,,"0.00","0.0","0.0","59","42","58"
"USC00450587","BELLINGHAM 3 SSW, WA US","48.7177","-122.5113","4.6","2019-04-21",,,"0.00","0.0","0.0","59","43","55"
"USC00450587","BELLINGHAM 3 SSW, WA US","48.7177","-122.5113","4.6","2019-04-22",,,"0.12","0.0","0.0","56","47","52"
"USC00450587","BELLINGHAM 3 SSW, WA US","48.7177","-122.5113","4.6","2019-04-23",,,"0.00","0.0","0.0","61","49","61"
"USC00450587","BELLINGHAM 3 SSW, WA US","48.7177","-122.5113","4.6","2019-04-24",,,"0.00","0.0","0.0","61","41","59"
"USC00450587","BELLINGHAM 3 SSW, WA US","48.7177","-122.5113","4.6","2019-04-25",,,"0.00","0.0","0.0","59","34","56"
"USC00450587","BELLINGHAM 3 SSW, WA US","48.7177","-122.5113","4.6","2019-04-26",,,"0.00","0.0","0.0","59","39","58"
"USC00450587","BELLINGHAM 3 SSW, WA US","48.7177","-122.5113","4.6","2019-04-27",,,"0.00","0.0","0.0","59","44","52"
"USC00450587","BELLINGHAM 3 SSW, WA US","48.7177","-122.5113","4.6","2019-04-28",,,"0.00","0.0","0.0","58","34","58"
"USC00450587","BELLINGHAM 3 SSW, WA US","48.7177","-122.5113","4.6","2019-04-29",,,"0.00","0.0","0.0","62","34","62"
"USC00450587","BELLINGHAM 3 SSW, WA US","48.7177","-122.5113","4.6","2019-04-30",,,"0.00","0.0","0.0","65","33","62"
"USC00450587","BELLINGHAM 3 SSW, WA US","48.7177","-122.5113","4.6","2019-05-01",,,"0.00",,,"63","43","59"
"USC00450587","BELLINGHAM 3 SSW, WA US","48.7177","-122.5113","4.6","2019-05-02",,,"0.00",,,"60","47","59"
"USC00450587","BELLINGHAM 3 SSW, WA US","48.7177","-122.5113","4.6","2019-05-03",,,"0.00",,,"61","47","59"
"USC00450587","BELLINGHAM 3 SSW, WA US","48.7177","-122.5113","4.6","2019-05-04",,,"0.00",,,"62","40","60"
"USC00450587","BELLINGHAM 3 SSW, WA US","48.7177","-122.5113","4.6","2019-05-05",,,"0.00",,,"66","42","66"
"USC00450587","BELLINGHAM 3 SSW, WA US","48.7177","-122.5113","4.6","2019-05-06",,,"0.00",,,"67","45","66"
"USC00450587","BELLINGHAM 3 SSW, WA US","48.7177","-122.5113","4.6","2019-05-07",,,"0.00",,,"67","45","67"
"USC00450587","BELLINGHAM 3 SSW, WA US","48.7177","-122.5113","4.6","2019-05-08",,,"0.00",,,"68","48","66"
"USC00450587","BELLINGHAM 3 SSW, WA US","48.7177","-122.5113","4.6","2019-05-09",,,"0.00",,,"76","47","76"
"USC00450587","BELLINGHAM 3 SSW, WA US","48.7177","-122.5113","4.6","2019-05-10",,,"0.00",,,"78","47","78"
"USC00450587","BELLINGHAM 3 SSW, WA US","48.7177","-122.5113","4.6","2019-05-11",,,"0.00",,,"80","51","72"
"USC00450587","BELLINGHAM 3 SSW, WA US","48.7177","-122.5113","4.6","2019-05-12",,,"0.00",,,"75","52","60"
"USC00450587","BELLINGHAM 3 SSW, WA US","48.7177","-122.5113","4.6","2019-05-13",,,"0.00",,,"61","46","57"
"USC00450587","BELLINGHAM 3 SSW, WA US","48.7177","-122.5113","4.6","2019-05-14",,,"0.13",,,"59","50","59"
"USC00450587","BELLINGHAM 3 SSW, WA US","48.7177","-122.5113","4.6","2019-05-15",,,"0.11",,,"72","48","62"
"USC00450587","BELLINGHAM 3 SSW, WA US","48.7177","-122.5113","4.6","2019-05-16",,,"0.04",,,"64","48","64"
"USC00450587","BELLINGHAM 3 SSW, WA US","48.7177","-122.5113","4.6","2019-05-17",,,"0.15",,,"64","51","61"
"USC00450587","BELLINGHAM 3 SSW, WA US","48.7177","-122.5113","4.6","2019-05-18",,,"0.00",,,"70","47","69"
"USC00450587","BELLINGHAM 3 SSW, WA US","48.7177","-122.5113","4.6","2019-05-19",,,"0.00",,,"72","48","71"
"USC00450587","BELLINGHAM 3 SSW, WA US","48.7177","-122.5113","4.6","2019-05-20",,,"0.06",,,"71","53","54"
"USC00450587","BELLINGHAM 3 SSW, WA US","48.7177","-122.5113","4.6","2019-05-21",,,"0.09",,,"66","48","66"
"USC00450587","BELLINGHAM 3 SSW, WA US","48.7177","-122.5113","4.6","2019-05-22",,,"0.00",,,"71","50","70"
"USC00450587","BELLINGHAM 3 SSW, WA US","48.7177","-122.5113","4.6","2019-05-23",,,"0.00",,,"71","54","71"
"USC00450587","BELLINGHAM 3 SSW, WA US","48.7177","-122.5113","4.6","2019-05-24",,,"0.16",,,"73","53","60"
"USC00450587","BELLINGHAM 3 SSW, WA US","48.7177","-122.5113","4.6","2019-05-25",,,"0.33",,,"61","52","55"
"USC00450587","BELLINGHAM 3 SSW, WA US","48.7177","-122.5113","4.6","2019-05-26",,,"0.00",,,"66","51","65"
"USC00450587","BELLINGHAM 3 SSW, WA US","48.7177","-122.5113","4.6","2019-05-27",,,"0.00",,,"74","50","72"
"USC00450587","BELLINGHAM 3 SSW, WA US","48.7177","-122.5113","4.6","2019-05-28",,,"0.00",,,"74","55","63"
"USC00450587","BELLINGHAM 3 SSW, WA US","48.7177","-122.5113","4.6","2019-05-29",,,"0.00",,,"63","52","63"
"USC00450587","BELLINGHAM 3 SSW, WA US","48.7177","-122.5113","4.6","2019-05-30",,,"0.00",,,"70","51","70"
"USC00450587","BELLINGHAM 3 SSW, WA US","48.7177","-122.5113","4.6","2019-05-31",,,"0.00",,,"71","54","67"
"USC00450587","BELLINGHAM 3 SSW, WA US","48.7177","-122.5113","4.6","2019-06-01",,,"0.00",,,"69","53","67"
"USC00450587","BELLINGHAM 3 SSW, WA US","48.7177","-122.5113","4.6","2019-06-02",,,"0.00",,,"70","50","68"
"USC00450587","BELLINGHAM 3 SSW, WA US","48.7177","-122.5113","4.6","2019-06-03",,,"0.00",,,"71","52","65"
"USC00450587","BELLINGHAM 3 SSW, WA US","48.7177","-122.5113","4.6","2019-06-04",,,"0.00",,,"65","43","64"
"USC00450587","BELLINGHAM 3 SSW, WA US","48.7177","-122.5113","4.6","2019-06-05",,,"0.00",,,"66","51","60"
"USC00450587","BELLINGHAM 3 SSW, WA US","48.7177","-122.5113","4.6","2019-06-06",,,"0.09",,,"65","51","64"
"USC00450587","BELLINGHAM 3 SSW, WA US","48.7177","-122.5113","4.6","2019-06-07",,,"0.04",,,"66","48","63"
"USC00450587","BELLINGHAM 3 SSW, WA US","48.7177","-122.5113","4.6","2019-06-08",,,"0.01",,,"66","52","64"
"USC00450587","BELLINGHAM 3 SSW, WA US","48.7177","-122.5113","4.6","2019-06-09",,,"0.00",,,"69","45","68"
"USC00450587","BELLINGHAM 3 SSW, WA US","48.7177","-122.5113","4.6","2019-06-10",,,"0.00",,,"75","49","74"
"USC00450587","BELLINGHAM 3 SSW, WA US","48.7177","-122.5113","4.6","2019-06-11",,,"0.00",,,"76","52","74"
"USC00450587","BELLINGHAM 3 SSW, WA US","48.7177","-122.5113","4.6","2019-06-12",,,"0.00",,,"80","56","79"
"USC00450587","BELLINGHAM 3 SSW, WA US","48.7177","-122.5113","4.6","2019-06-13",,,"0.00",,,"81","58","65"
"USC00450587","BELLINGHAM 3 SSW, WA US","48.7177","-122.5113","4.6","2019-06-14",,,"0.01",,,"74","65","68"
"USC00450587","BELLINGHAM 3 SSW, WA US","48.7177","-122.5113","4.6","2019-06-15",,,"0.00",,,"69","53","68"
"USC00450587","BELLINGHAM 3 SSW, WA US","48.7177","-122.5113","4.6","2019-06-16",,,"0.00",,,"70","50","68"
"USC00450587","BELLINGHAM 3 SSW, WA US","48.7177","-122.5113","4.6","2019-06-17",,,"0.00",,,"71","55","66"
"USC00450587","BELLINGHAM 3 SSW, WA US","48.7177","-122.5113","4.6","2019-06-18",,,"0.00",,,"71","58","68"
"USC00450587","BELLINGHAM 3 SSW, WA US","48.7177","-122.5113","4.6","2019-06-19",,,"0.00",,,"68","53","61"
"USC00450587","BELLINGHAM 3 SSW, WA US","48.7177","-122.5113","4.6","2019-06-20",,,"0.15",,,"66","49","64"
"USC00450587","BELLINGHAM 3 SSW, WA US","48.7177","-122.5113","4.6","2019-06-21",,,"0.00",,,"68","53","68"
"USC00450587","BELLINGHAM 3 SSW, WA US","48.7177","-122.5113","4.6","2019-06-22",,,"0.00",,,"71","54","66"
"USC00450587","BELLINGHAM 3 SSW, WA US","48.7177","-122.5113","4.6","2019-06-23",,,"0.09",,,"66","52","64"
"USC00450587","BELLINGHAM 3 SSW, WA US","48.7177","-122.5113","4.6","2019-06-24",,,"0.00",,,"66","51","65"
"USC00450587","BELLINGHAM 3 SSW, WA US","48.7177","-122.5113","4.6","2019-06-25",,,"0.00",,,"72","45","72"
"USC00450587","BELLINGHAM 3 SSW, WA US","48.7177","-122.5113","4.6","2019-06-26",,,"0.00",,,"74","53","68"
"USC00450587","BELLINGHAM 3 SSW, WA US","48.7177","-122.5113","4.6","2019-06-27",,,"1.15",,,"68","53","68"
"USC00450587","BELLINGHAM 3 SSW, WA US","48.7177","-122.5113","4.6","2019-06-28",,,"0.00",,,"69","55","66"
"USC00450587","BELLINGHAM 3 SSW, WA US","48.7177","-122.5113","4.6","2019-06-29",,,"0.00",,,"73","51","72"
"USC00450587","BELLINGHAM 3 SSW, WA US","48.7177","-122.5113","4.6","2019-06-30",,,"0.00",,,"74","51","73"
"USC00450587","BELLINGHAM 3 SSW, WA US","48.7177","-122.5113","4.6","2019-07-01",,,"0.00",,,"74","50","71"
"USC00450587","BELLINGHAM 3 SSW, WA US","48.7177","-122.5113","4.6","2019-07-02",,,"0.00",,,"73","54","60"
"USC00450587","BELLINGHAM 3 SSW, WA US","48.7177","-122.5113","4.6","2019-07-03",,,"0.00",,,"63","56","62"
"USC00450587","BELLINGHAM 3 SSW, WA US","48.7177","-122.5113","4.6","2019-07-04",,,"0.00",,,"68","57","63"
"USC00450587","BELLINGHAM 3 SSW, WA US","48.7177","-122.5113","4.6","2019-07-05",,,"0.07",,,"64","55","62"
"USC00450587","BELLINGHAM 3 SSW, WA US","48.7177","-122.5113","4.6","2019-07-06",,,"0.00",,,"68","55","66"
"USC00450587","BELLINGHAM 3 SSW, WA US","48.7177","-122.5113","4.6","2019-07-07",,,"0.00",,,"67","56","62"
"USC00450587","BELLINGHAM 3 SSW, WA US","48.7177","-122.5113","4.6","2019-07-08",,,"0.00",,,"72","49","71"
"USC00450587","BELLINGHAM 3 SSW, WA US","48.7177","-122.5113","4.6","2019-07-09",,,"0.00",,,"75","50","71"
"USC00450587","BELLINGHAM 3 SSW, WA US","48.7177","-122.5113","4.6","2019-07-10",,,"0.10",,,"72","60","70"
"USC00450587","BELLINGHAM 3 SSW, WA US","48.7177","-122.5113","4.6","2019-07-11",,,"0.43",,,"70","58","67"
"USC00450587","BELLINGHAM 3 SSW, WA US","48.7177","-122.5113","4.6","2019-07-12",,,"0.00",,,"76","52","76"
"USC00450587","BELLINGHAM 3 SSW, WA US","48.7177","-122.5113","4.6","2019-07-13",,,"0.00",,,"78","58","71"
"USC00450587","BELLINGHAM 3 SSW, WA US","48.7177","-122.5113","4.6","2019-07-14",,,"0.00",,,"74","56","74"
"USC00450587","BELLINGHAM 3 SSW, WA US","48.7177","-122.5113","4.6","2019-07-15",,,"0.00",,,"74","56","68"
"USC00450587","BELLINGHAM 3 SSW, WA US","48.7177","-122.5113","4.6","2019-07-16",,,"0.00",,,"71","56","70"
"USC00450587","BELLINGHAM 3 SSW, WA US","48.7177","-122.5113","4.6","2019-07-17",,,"0.09",,,"73","58","61"
"USC00450587","BELLINGHAM 3 SSW, WA US","48.7177","-122.5113","4.6","2019-07-18",,,"0.01",,,"68","61","64"
"USC00450587","BELLINGHAM 3 SSW, WA US","48.7177","-122.5113","4.6","2019-07-19",,,"0.00",,,"71","51","69"
"USC00450587","BELLINGHAM 3 SSW, WA US","48.7177","-122.5113","4.6","2019-07-20",,,"0.00",,,"73","46","73"
"USC00450587","BELLINGHAM 3 SSW, WA US","48.7177","-122.5113","4.6","2019-07-21",,,"0.00",,,"78","51","78"
"USC00450587","BELLINGHAM 3 SSW, WA US","48.7177","-122.5113","4.6","2019-07-22",,,"0.00",,,"80","53","73"
"USC00450587","BELLINGHAM 3 SSW, WA US","48.7177","-122.5113","4.6","2019-07-23",,,"0.00",,,"75","54","67"
"USC00450587","BELLINGHAM 3 SSW, WA US","48.7177","-122.5113","4.6","2019-07-24",,,"0.04",,,"73","56","72"
"USC00450587","BELLINGHAM 3 SSW, WA US","48.7177","-122.5113","4.6","2019-07-25",,,"0.00",,,"78","51","78"
"USC00450587","BELLINGHAM 3 SSW, WA US","48.7177","-122.5113","4.6","2019-07-26",,,"0.00",,,"79","53","76"
"USC00450587","BELLINGHAM 3 SSW, WA US","48.7177","-122.5113","4.6","2019-07-27",,,"0.02",,,"77","60","72"
"USC00450587","BELLINGHAM 3 SSW, WA US","48.7177","-122.5113","4.6","2019-07-28",,,"0.00",,,"73","51","72"
"USC00450587","BELLINGHAM 3 SSW, WA US","48.7177","-122.5113","4.6","2019-07-29",,,"0.00",,,"76","50","74"
"USC00450587","BELLINGHAM 3 SSW, WA US","48.7177","-122.5113","4.6","2019-07-30",,,"0.00",,,"75","55","69"
"USC00450587","BELLINGHAM 3 SSW, WA US","48.7177","-122.5113","4.6","2019-07-31",,,"0.00",,,"76","58","75"
"USC00450587","BELLINGHAM 3 SSW, WA US","48.7177","-122.5113","4.6","2019-08-01",,,"0.00",,,"79","55","77"
"USC00450587","BELLINGHAM 3 SSW, WA US","48.7177","-122.5113","4.6","2019-08-02",,,"0.04",,,"78","60","71"
"USC00450587","BELLINGHAM 3 SSW, WA US","48.7177","-122.5113","4.6","2019-08-03",,,"0.00",,,"72","50","72"
"USC00450587","BELLINGHAM 3 SSW, WA US","48.7177","-122.5113","4.6","2019-08-04",,,"0.00",,,"76","52","74"
"USC00450587","BELLINGHAM 3 SSW, WA US","48.7177","-122.5113","4.6","2019-08-05",,,"0.00",,,"81","54","79"
"USC00450587","BELLINGHAM 3 SSW, WA US","48.7177","-122.5113","4.6","2019-08-06",,,"0.00",,,"80","54","76"
"USC00450587","BELLINGHAM 3 SSW, WA US","48.7177","-122.5113","4.6","2019-08-07",,,"0.00",,,"77","54","66"
"USC00450587","BELLINGHAM 3 SSW, WA US","48.7177","-122.5113","4.6","2019-08-08",,,"0.00",,,"68","55","65"
"USC00450587","BELLINGHAM 3 SSW, WA US","48.7177","-122.5113","4.6","2019-08-09",,,"0.11",,,"69","46","66"
"USC00450587","BELLINGHAM 3 SSW, WA US","48.7177","-122.5113","4.6","2019-08-10",,,"0.07",,,"67","58","66"
"USC00450587","BELLINGHAM 3 SSW, WA US","48.7177","-122.5113","4.6","2019-08-11",,,"0.00",,,"71","58","68"
"USC00450587","BELLINGHAM 3 SSW, WA US","48.7177","-122.5113","4.6","2019-08-12",,,"0.03",,,"76","57","75"
"USC00450587","BELLINGHAM 3 SSW, WA US","48.7177","-122.5113","4.6","2019-08-13",,,"0.00",,,"77","51","73"
"USC00450587","BELLINGHAM 3 SSW, WA US","48.7177","-122.5113","4.6","2019-08-14",,,"0.00",,,"77","53","77"
"USC00450587","BELLINGHAM 3 SSW, WA US","48.7177","-122.5113","4.6","2019-08-15",,,"0.00",,,"78","54","71"
"USC00450587","BELLINGHAM 3 SSW, WA US","48.7177","-122.5113","4.6","2019-08-16",,,"0.00",,,"72","55","67"
"USC00450587","BELLINGHAM 3 SSW, WA US","48.7177","-122.5113","4.6","2019-08-17",,,"0.00",,,"69","58","67"
"USC00450587","BELLINGHAM 3 SSW, WA US","48.7177","-122.5113","4.6","2019-08-18",,,"0.00",,,"70","56","67"
"USC00450587","BELLINGHAM 3 SSW, WA US","48.7177","-122.5113","4.6","2019-08-19",,,"0.00",,,"71","54","70"
"USC00450587","BELLINGHAM 3 SSW, WA US","48.7177","-122.5113","4.6","2019-08-20",,,"0.00",,,"75","49","73"
"USC00450587","BELLINGHAM 3 SSW, WA US","48.7177","-122.5113","4.6","2019-08-21",,,"0.17",,,"74","59","60"
"USC00450587","BELLINGHAM 3 SSW, WA US","48.7177","-122.5113","4.6","2019-08-22",,,"0.00",,,"70","53","69"
"USC00450587","BELLINGHAM 3 SSW, WA US","48.7177","-122.5113","4.6","2019-08-23",,,"0.14",,,"69","49","61"
"USC00450587","BELLINGHAM 3 SSW, WA US","48.7177","-122.5113","4.6","2019-08-24",,,"0.06",,,"65","49","64"
"USC00450587","BELLINGHAM 3 SSW, WA US","48.7177","-122.5113","4.6","2019-08-25",,,"0.00",,,"71","52","71"
"USC00450587","BELLINGHAM 3 SSW, WA US","48.7177","-122.5113","4.6","2019-08-26",,,"0.00",,,"71","58","68"
"USC00450587","BELLINGHAM 3 SSW, WA US","48.7177","-122.5113","4.6","2019-08-27",,,"0.00",,,"75","50","73"
"USC00450587","BELLINGHAM 3 SSW, WA US","48.7177","-122.5113","4.6","2019-08-28",,,"0.00",,,"74","51","73"
"USC00450587","BELLINGHAM 3 SSW, WA US","48.7177","-122.5113","4.6","2019-08-29",,,"0.00",,,"75","52","68"
"USC00450587","BELLINGHAM 3 SSW, WA US","48.7177","-122.5113","4.6","2019-08-30",,,"0.22",,,"75","60","71"
"USC00450587","BELLINGHAM 3 SSW, WA US","48.7177","-122.5113","4.6","2019-08-31",,,"0.00",,,"76","57","71"
"US1WAWC0019","BELLINGHAM 2.4 SW, WA US","48.7158","-122.499","32.0","2019-01-01",,,"0.00","0.0",,,,
"US1WAWC0019","BELLINGHAM 2.4 SW, WA US","48.7158","-122.499","32.0","2019-01-02",,,"0.00","0.0",,,,
"US1WAWC0019","BELLINGHAM 2.4 SW, WA US","48.7158","-122.499","32.0","2019-01-03",,,"0.66",,,,,
"US1WAWC0019","BELLINGHAM 2.4 SW, WA US","48.7158","-122.499","32.0","2019-01-04",,,"0.62",,,,,
"US1WAWC0019","BELLINGHAM 2.4 SW, WA US","48.7158","-122.499","32.0","2019-01-05",,,"0.00","0.0",,,,
"US1WAWC0019","BELLINGHAM 2.4 SW, WA US","48.7158","-122.499","32.0","2019-01-06",,,"0.26",,,,,
"US1WAWC0019","BELLINGHAM 2.4 SW, WA US","48.7158","-122.499","32.0","2019-01-07",,,"0.16",,,,,
"US1WAWC0019","BELLINGHAM 2.4 SW, WA US","48.7158","-122.499","32.0","2019-01-08",,,"0.00","0.0",,,,
"US1WAWC0019","BELLINGHAM 2.4 SW, WA US","48.7158","-122.499","32.0","2019-01-09",,,"0.15",,,,,
"US1WAWC0019","BELLINGHAM 2.4 SW, WA US","48.7158","-122.499","32.0","2019-01-10",,,"0.03",,,,,
"US1WAWC0019","BELLINGHAM 2.4 SW, WA US","48.7158","-122.499","32.0","2019-01-11",,,"0.00","0.0",,,,
"US1WAWC0019","BELLINGHAM 2.4 SW, WA US","48.7158","-122.499","32.0","2019-01-12",,,"0.00","0.0",,,,
"US1WAWC0019","BELLINGHAM 2.4 SW, WA US","48.7158","-122.499","32.0","2019-01-13",,,"0.00","0.0",,,,
"US1WAWC0019","BELLINGHAM 2.4 SW, WA US","48.7158","-122.499","32.0","2019-01-14",,,"0.00","0.0",,,,
"US1WAWC0019","BELLINGHAM 2.4 SW, WA US","48.7158","-122.499","32.0","2019-01-15",,,"0.00","0.0",,,,
"US1WAWC0019","BELLINGHAM 2.4 SW, WA US","48.7158","-122.499","32.0","2019-01-16",,,"0.00","0.0",,,,
"US1WAWC0019","BELLINGHAM 2.4 SW, WA US","48.7158","-122.499","32.0","2019-01-17",,,"0.07",,,,,
"US1WAWC0019","BELLINGHAM 2.4 SW, WA US","48.7158","-122.499","32.0","2019-01-18",,,"0.20",,,,,
"US1WAWC0019","BELLINGHAM 2.4 SW, WA US","48.7158","-122.499","32.0","2019-01-19",,,"0.11",,,,,
"US1WAWC0019","BELLINGHAM 2.4 SW, WA US","48.7158","-122.499","32.0","2019-01-20",,,"0.05",,,,,
"US1WAWC0019","BELLINGHAM 2.4 SW, WA US","48.7158","-122.499","32.0","2019-01-21",,,"0.00","0.0",,,,
"US1WAWC0019","BELLINGHAM 2.4 SW, WA US","48.7158","-122.499","32.0","2019-01-22",,,"0.01",,,,,
"US1WAWC0019","BELLINGHAM 2.4 SW, WA US","48.7158","-122.499","32.0","2019-01-23",,,"0.67",,,,,
"US1WAWC0019","BELLINGHAM 2.4 SW, WA US","48.7158","-122.499","32.0","2019-01-24",,,"0.01",,,,,
"US1WAWC0019","BELLINGHAM 2.4 SW, WA US","48.7158","-122.499","32.0","2019-01-25",,,"0.00","0.0",,,,
"US1WAWC0019","BELLINGHAM 2.4 SW, WA US","48.7158","-122.499","32.0","2019-01-26",,,"0.00","0.0",,,,
"US1WAWC0019","BELLINGHAM 2.4 SW, WA US","48.7158","-122.499","32.0","2019-01-27",,,"0.00","0.0",,,,
"US1WAWC0019","BELLINGHAM 2.4 SW, WA US","48.7158","-122.499","32.0","2019-01-28",,,"0.00","0.0",,,,
"US1WAWC0019","BELLINGHAM 2.4 SW, WA US","48.7158","-122.499","32.0","2019-01-29",,,"0.00","0.0",,,,
"US1WAWC0019","BELLINGHAM 2.4 SW, WA US","48.7158","-122.499","32.0","2019-01-30",,,"0.00","0.0",,,,
"US1WAWC0019","BELLINGHAM 2.4 SW, WA US","48.7158","-122.499","32.0","2019-01-31",,,"0.00","0.0",,,,
"US1WAWC0019","BELLINGHAM 2.4 SW, WA US","48.7158","-122.499","32.0","2019-02-01",,,"0.14",,,,,
"US1WAWC0019","BELLINGHAM 2.4 SW, WA US","48.7158","-122.499","32.0","2019-02-02",,,"0.31",,,,,
"US1WAWC0019","BELLINGHAM 2.4 SW, WA US","48.7158","-122.499","32.0","2019-02-03",,,"0.01","0.0",,,,
"US1WAWC0019","BELLINGHAM 2.4 SW, WA US","48.7158","-122.499","32.0","2019-02-04",,,"0.11","0.8","1.0",,,
"US1WAWC0019","BELLINGHAM 2.4 SW, WA US","48.7158","-122.499","32.0","2019-02-05",,,"0.00","0.0",,,,
"US1WAWC0019","BELLINGHAM 2.4 SW, WA US","48.7158","-122.499","32.0","2019-02-06",,,"0.00","0.0",,,,
"US1WAWC0019","BELLINGHAM 2.4 SW, WA US","48.7158","-122.499","32.0","2019-02-07",,,"0.00","0.0",,,,
"US1WAWC0019","BELLINGHAM 2.4 SW, WA US","48.7158","-122.499","32.0","2019-02-08",,,"0.00","0.0",,,,
"US1WAWC0019","BELLINGHAM 2.4 SW, WA US","48.7158","-122.499","32.0","2019-02-09",,,"0.03","0.3",,,,
"US1WAWC0019","BELLINGHAM 2.4 SW, WA US","48.7158","-122.499","32.0","2019-02-10",,,"0.00","0.0",,,,
"US1WAWC0019","BELLINGHAM 2.4 SW, WA US","48.7158","-122.499","32.0","2019-02-11",,,"0.28","3.5","3.5",,,
"US1WAWC0019","BELLINGHAM 2.4 SW, WA US","48.7158","-122.499","32.0","2019-02-12",,,"0.33","4.0","7.0",,,
"US1WAWC0019","BELLINGHAM 2.4 SW, WA US","48.7158","-122.499","32.0","2019-02-13",,,"0.30","3.0","9.0",,,
"US1WAWC0019","BELLINGHAM 2.4 SW, WA US","48.7158","-122.499","32.0","2019-02-14",,,"0.00","0.0","7.5",,,
"US1WAWC0019","BELLINGHAM 2.4 SW, WA US","48.7158","-122.499","32.0","2019-02-15",,,"0.22","0.0","5.0",,,
"US1WAWC0019","BELLINGHAM 2.4 SW, WA US","48.7158","-122.499","32.0","2019-02-16",,,"0.02","0.0","3.0",,,
"US1WAWC0019","BELLINGHAM 2.4 SW, WA US","48.7158","-122.499","32.0","2019-02-17",,,"0.03","0.0","2.2",,,
"US1WAWC0019","BELLINGHAM 2.4 SW, WA US","48.7158","-122.499","32.0","2019-02-18",,,"0.00","0.0","2.0",,,
"US1WAWC0019","BELLINGHAM 2.4 SW, WA US","48.7158","-122.499","32.0","2019-02-19",,,"0.02",,"1.7",,,
"US1WAWC0019","BELLINGHAM 2.4 SW, WA US","48.7158","-122.499","32.0","2019-02-20",,,"0.25",,"1.0",,,
"US1WAWC0019","BELLINGHAM 2.4 SW, WA US","48.7158","-122.499","32.0","2019-02-21",,,"0.00","0.0","0.5",,,
"US1WAWC0019","BELLINGHAM 2.4 SW, WA US","48.7158","-122.499","32.0","2019-02-22",,,"0.00","0.0","0.2",,,
"US1WAWC0019","BELLINGHAM 2.4 SW, WA US","48.7158","-122.499","32.0","2019-02-23",,,"0.21",,"0.0",,,
"US1WAWC0019","BELLINGHAM 2.4 SW, WA US","48.7158","-122.499","32.0","2019-02-24",,,"0.03",,"0.0",,,
"US1WAWC0019","BELLINGHAM 2.4 SW, WA US","48.7158","-122.499","32.0","2019-02-25",,,"0.00","0.0","0.0",,,
"US1WAWC0019","BELLINGHAM 2.4 SW, WA US","48.7158","-122.499","32.0","2019-02-26",,,"0.00","0.0","0.0",,,
"US1WAWC0019","BELLINGHAM 2.4 SW, WA US","48.7158","-122.499","32.0","2019-02-27",,,"0.00","0.0","0.0",,,
"US1WAWC0019","BELLINGHAM 2.4 SW, WA US","48.7158","-122.499","32.0","2019-02-28",,,"0.00","0.0","0.0",,,
"US1WAWC0019","BELLINGHAM 2.4 SW, WA US","48.7158","-122.499","32.0","2019-03-01",,,"0.00","0.0","0.0",,,
"US1WAWC0019","BELLINGHAM 2.4 SW, WA US","48.7158","-122.499","32.0","2019-03-02",,,"0.00","0.0","0.0",,,
"US1WAWC0019","BELLINGHAM 2.4 SW, WA US","48.7158","-122.499","32.0","2019-03-03",,,"0.00","0.0","0.0",,,
"US1WAWC0019","BELLINGHAM 2.4 SW, WA US","48.7158","-122.499","32.0","2019-03-04",,,"0.00","0.0","0.0",,,
"US1WAWC0019","BELLINGHAM 2.4 SW, WA US","48.7158","-122.499","32.0","2019-03-05",,,"0.00","0.0","0.0",,,
"US1WAWC0019","BELLINGHAM 2.4 SW, WA US","48.7158","-122.499","32.0","2019-03-06",,,"0.00","0.0","0.0",,,
"US1WAWC0019","BELLINGHAM 2.4 SW, WA US","48.7158","-122.499","32.0","2019-03-07",,,"0.21","1.0","1.0",,,
"US1WAWC0019","BELLINGHAM 2.4 SW, WA US","48.7158","-122.499","32.0","2019-03-08",,,"0.03",,"0.0",,,
"US1WAWC0019","BELLINGHAM 2.4 SW, WA US","48.7158","-122.499","32.0","2019-03-09",,,"0.01",,"0.0",,,
"US1WAWC0019","BELLINGHAM 2.4 SW, WA US","48.7158","-122.499","32.0","2019-03-10",,,"0.00","0.0","0.0",,,
"US1WAWC0019","BELLINGHAM 2.4 SW, WA US","48.7158","-122.499","32.0","2019-03-11",,,"0.00","0.0","0.0",,,
"US1WAWC0019","BELLINGHAM 2.4 SW, WA US","48.7158","-122.499","32.0","2019-03-12",,,"0.36",,,,,
"US1WAWC0019","BELLINGHAM 2.4 SW, WA US","48.7158","-122.499","32.0","2019-03-13",,,"0.02",,,,,
"US1WAWC0019","BELLINGHAM 2.4 SW, WA US","48.7158","-122.499","32.0","2019-03-14",,,"0.00","0.0",,,,
"US1WAWC0019","BELLINGHAM 2.4 SW, WA US","48.7158","-122.499","32.0","2019-03-15",,,"0.00","0.0",,,,
"US1WAWC0019","BELLINGHAM 2.4 SW, WA US","48.7158","-122.499","32.0","2019-03-16",,,"0.00","0.0",,,,
"US1WAWC0019","BELLINGHAM 2.4 SW, WA US","48.7158","-122.499","32.0","2019-03-17",,,"0.00","0.0",,,,
"US1WAWC0019","BELLINGHAM 2.4 SW, WA US","48.7158","-122.499","32.0","2019-03-18",,,"0.00","0.0",,,,
"US1WAWC0019","BELLINGHAM 2.4 SW, WA US","48.7158","-122.499","32.0","2019-03-19",,,"0.00","0.0",,,,
"US1WAWC0019","BELLINGHAM 2.4 SW, WA US","48.7158","-122.499","32.0","2019-03-20",,,"0.00","0.0",,,,
"US1WAWC0019","BELLINGHAM 2.4 SW, WA US","48.7158","-122.499","32.0","2019-03-21",,,"0.00","0.0",,,,
"US1WAWC0019","BELLINGHAM 2.4 SW, WA US","48.7158","-122.499","32.0","2019-03-22",,,"0.00","0.0",,,,
"US1WAWC0019","BELLINGHAM 2.4 SW, WA US","48.7158","-122.499","32.0","2019-03-23",,,"0.02",,,,,
"US1WAWC0019","BELLINGHAM 2.4 SW, WA US","48.7158","-122.499","32.0","2019-03-24",,,"0.00","0.0",,,,
"US1WAWC0019","BELLINGHAM 2.4 SW, WA US","48.7158","-122.499","32.0","2019-03-25",,,"0.00","0.0",,,,
"US1WAWC0019","BELLINGHAM 2.4 SW, WA US","48.7158","-122.499","32.0","2019-03-26",,,"0.48",,,,,
"US1WAWC0019","BELLINGHAM 2.4 SW, WA US","48.7158","-122.499","32.0","2019-03-27",,,"0.01",,,,,
"US1WAWC0019","BELLINGHAM 2.4 SW, WA US","48.7158","-122.499","32.0","2019-03-28",,,"0.00","0.0",,,,
"US1WAWC0019","BELLINGHAM 2.4 SW, WA US","48.7158","-122.499","32.0","2019-03-29",,,"0.00","0.0",,,,
"US1WAWC0019","BELLINGHAM 2.4 SW, WA US","48.7158","-122.499","32.0","2019-03-30",,,"0.00","0.0",,,,
"US1WAWC0019","BELLINGHAM 2.4 SW, WA US","48.7158","-122.499","32.0","2019-03-31",,,"0.00","0.0",,,,
"US1WAWC0019","BELLINGHAM 2.4 SW, WA US","48.7158","-122.499","32.0","2019-04-01",,,"0.00","0.0",,,,
"US1WAWC0019","BELLINGHAM 2.4 SW, WA US","48.7158","-122.499","32.0","2019-04-02",,,"0.00","0.0",,,,
"US1WAWC0019","BELLINGHAM 2.4 SW, WA US","48.7158","-122.499","32.0","2019-04-03",,,"0.15",,,,,
"US1WAWC0019","BELLINGHAM 2.4 SW, WA US","48.7158","-122.499","32.0","2019-04-04",,,"0.12",,,,,
"US1WAWC0019","BELLINGHAM 2.4 SW, WA US","48.7158","-122.499","32.0","2019-04-05",,,"0.03",,,,,
"US1WAWC0019","BELLINGHAM 2.4 SW, WA US","48.7158","-122.499","32.0","2019-04-06",,,"0.15",,,,,
"US1WAWC0019","BELLINGHAM 2.4 SW, WA US","48.7158","-122.499","32.0","2019-04-07",,,"0.06",,,,,
"US1WAWC0019","BELLINGHAM 2.4 SW, WA US","48.7158","-122.499","32.0","2019-04-08",,,"0.00","0.0",,,,
"US1WAWC0019","BELLINGHAM 2.4 SW, WA US","48.7158","-122.499","32.0","2019-04-09",,,"0.32",,,,,
"US1WAWC0019","BELLINGHAM 2.4 SW, WA US","48.7158","-122.499","32.0","2019-04-10",,,"0.01",,,,,
"US1WAWC0019","BELLINGHAM 2.4 SW, WA US","48.7158","-122.499","32.0","2019-04-11",,,"0.51",,,,,
"US1WAWC0019","BELLINGHAM 2.4 SW, WA US","48.7158","-122.499","32.0","2019-04-12",,,"0.58",,,,,
"US1WAWC0019","BELLINGHAM 2.4 SW, WA US","48.7158","-122.499","32.0","2019-04-13",,,"0.66",,,,,
"US1WAWC0019","BELLINGHAM 2.4 SW, WA US","48.7158","-122.499","32.0","2019-04-14",,,"0.14",,,,,
"US1WAWC0019","BELLINGHAM 2.4 SW, WA US","48.7158","-122.499","32.0","2019-04-15",,,"0.00","0.0",,,,
"US1WAWC0019","BELLINGHAM 2.4 SW, WA US","48.7158","-122.499","32.0","2019-04-16",,,"0.00","0.0",,,,
"US1WAWC0019","BELLINGHAM 2.4 SW, WA US","48.7158","-122.499","32.0","2019-04-17",,,"0.14",,,,,
"US1WAWC0019","BELLINGHAM 2.4 SW, WA US","48.7158","-122.499","32.0","2019-04-18",,,"0.17",,,,,
"US1WAWC0019","BELLINGHAM 2.4 SW, WA US","48.7158","-122.499","32.0","2019-04-19",,,"0.67",,,,,
"US1WAWC0019","BELLINGHAM 2.4 SW, WA US","48.7158","-122.499","32.0","2019-04-20",,,"0.04",,,,,
"US1WAWC0019","BELLINGHAM 2.4 SW, WA US","48.7158","-122.499","32.0","2019-04-21",,,"0.00","0.0",,,,
"US1WAWC0019","BELLINGHAM 2.4 SW, WA US","48.7158","-122.499","32.0","2019-04-22",,,"0.00","0.0",,,,
"US1WAWC0019","BELLINGHAM 2.4 SW, WA US","48.7158","-122.499","32.0","2019-04-23",,,"0.13",,,,,
"US1WAWC0019","BELLINGHAM 2.4 SW, WA US","48.7158","-122.499","32.0","2019-04-24",,,"0.00","0.0",,,,
"US1WAWC0019","BELLINGHAM 2.4 SW, WA US","48.7158","-122.499","32.0","2019-04-25",,,"0.00","0.0",,,,
"US1WAWC0019","BELLINGHAM 2.4 SW, WA US","48.7158","-122.499","32.0","2019-04-26",,,"0.00","0.0",,,,
"US1WAWC0019","BELLINGHAM 2.4 SW, WA US","48.7158","-122.499","32.0","2019-04-27",,,"0.00","0.0",,,,
"US1WAWC0019","BELLINGHAM 2.4 SW, WA US","48.7158","-122.499","32.0","2019-04-28",,,"0.00","0.0",,,,
"US1WAWC0019","BELLINGHAM 2.4 SW, WA US","48.7158","-122.499","32.0","2019-04-29",,,"0.00","0.0",,,,
"US1WAWC0019","BELLINGHAM 2.4 SW, WA US","48.7158","-122.499","32.0","2019-04-30",,,"0.00","0.0",,,,
"US1WAWC0019","BELLINGHAM 2.4 SW, WA US","48.7158","-122.499","32.0","2019-05-01",,,"0.00","0.0",,,,
"US1WAWC0019","BELLINGHAM 2.4 SW, WA US","48.7158","-122.499","32.0","2019-05-02",,,"0.00","0.0",,,,
"US1WAWC0019","BELLINGHAM 2.4 SW, WA US","48.7158","-122.499","32.0","2019-05-03",,,"0.00","0.0",,,,
"US1WAWC0019","BELLINGHAM 2.4 SW, WA US","48.7158","-122.499","32.0","2019-05-04",,,"0.00","0.0",,,,
"US1WAWC0019","BELLINGHAM 2.4 SW, WA US","48.7158","-122.499","32.0","2019-05-05",,,"0.00","0.0",,,,
"US1WAWC0019","BELLINGHAM 2.4 SW, WA US","48.7158","-122.499","32.0","2019-05-06",,,"0.00","0.0",,,,
"US1WAWC0019","BELLINGHAM 2.4 SW, WA US","48.7158","-122.499","32.0","2019-05-07",,,"0.00","0.0",,,,
"US1WAWC0019","BELLINGHAM 2.4 SW, WA US","48.7158","-122.499","32.0","2019-05-08",,,"0.00","0.0",,,,
"US1WAWC0019","BELLINGHAM 2.4 SW, WA US","48.7158","-122.499","32.0","2019-05-09",,,"0.00","0.0",,,,
"US1WAWC0019","BELLINGHAM 2.4 SW, WA US","48.7158","-122.499","32.0","2019-05-10",,,"0.00","0.0",,,,
"US1WAWC0019","BELLINGHAM 2.4 SW, WA US","48.7158","-122.499","32.0","2019-05-11",,,"0.00","0.0",,,,
"US1WAWC0019","BELLINGHAM 2.4 SW, WA US","48.7158","-122.499","32.0","2019-05-12",,,"0.00","0.0",,,,
"US1WAWC0019","BELLINGHAM 2.4 SW, WA US","48.7158","-122.499","32.0","2019-05-13",,,"0.00","0.0",,,,
"US1WAWC0019","BELLINGHAM 2.4 SW, WA US","48.7158","-122.499","32.0","2019-05-14",,,"0.03",,,,,
"US1WAWC0019","BELLINGHAM 2.4 SW, WA US","48.7158","-122.499","32.0","2019-05-15",,,"0.29",,,,,
"US1WAWC0019","BELLINGHAM 2.4 SW, WA US","48.7158","-122.499","32.0","2019-05-16",,,"0.03",,,,,
"US1WAWC0019","BELLINGHAM 2.4 SW, WA US","48.7158","-122.499","32.0","2019-05-17",,,"0.14",,,,,
"US1WAWC0019","BELLINGHAM 2.4 SW, WA US","48.7158","-122.499","32.0","2019-05-18",,,"0.00","0.0",,,,
"US1WAWC0019","BELLINGHAM 2.4 SW, WA US","48.7158","-122.499","32.0","2019-05-19",,,"0.00","0.0",,,,
"US1WAWC0019","BELLINGHAM 2.4 SW, WA US","48.7158","-122.499","32.0","2019-05-20",,,"0.00","0.0",,,,
"US1WAWC0019","BELLINGHAM 2.4 SW, WA US","48.7158","-122.499","32.0","2019-05-21",,,"0.18",,,,,
"US1WAWC0019","BELLINGHAM 2.4 SW, WA US","48.7158","-122.499","32.0","2019-05-22",,,"0.00","0.0",,,,
"US1WAWC0019","BELLINGHAM 2.4 SW, WA US","48.7158","-122.499","32.0","2019-05-23",,,"0.00","0.0",,,,
"US1WAWC0019","BELLINGHAM 2.4 SW, WA US","48.7158","-122.499","32.0","2019-05-24",,,"0.15",,,,,
"US1WAWC0019","BELLINGHAM 2.4 SW, WA US","48.7158","-122.499","32.0","2019-05-25",,,"0.02",,,,,
"US1WAWC0019","BELLINGHAM 2.4 SW, WA US","48.7158","-122.499","32.0","2019-05-26",,,"0.33",,,,,
"US1WAWC0019","BELLINGHAM 2.4 SW, WA US","48.7158","-122.499","32.0","2019-05-27",,,"0.00","0.0",,,,
"US1WAWC0019","BELLINGHAM 2.4 SW, WA US","48.7158","-122.499","32.0","2019-05-28",,,"0.00","0.0",,,,
"US1WAWC0019","BELLINGHAM 2.4 SW, WA US","48.7158","-122.499","32.0","2019-05-29",,,"0.00","0.0",,,,
"US1WAWC0019","BELLINGHAM 2.4 SW, WA US","48.7158","-122.499","32.0","2019-05-30",,,"0.00","0.0",,,,
"US1WAWC0019","BELLINGHAM 2.4 SW, WA US","48.7158","-122.499","32.0","2019-05-31",,,"0.00","0.0",,,,
"US1WAWC0019","BELLINGHAM 2.4 SW, WA US","48.7158","-122.499","32.0","2019-06-01",,,"0.00","0.0",,,,
"US1WAWC0019","BELLINGHAM 2.4 SW, WA US","48.7158","-122.499","32.0","2019-06-02",,,"0.00","0.0",,,,
"US1WAWC0019","BELLINGHAM 2.4 SW, WA US","48.7158","-122.499","32.0","2019-06-03",,,"0.00","0.0",,,,
"US1WAWC0019","BELLINGHAM 2.4 SW, WA US","48.7158","-122.499","32.0","2019-06-04",,,"0.00","0.0",,,,
"US1WAWC0019","BELLINGHAM 2.4 SW, WA US","48.7158","-122.499","32.0","2019-06-05",,,"0.00","0.0",,,,
"US1WAWC0019","BELLINGHAM 2.4 SW, WA US","48.7158","-122.499","32.0","2019-06-06",,,"0.15",,,,,
"US1WAWC0019","BELLINGHAM 2.4 SW, WA US","48.7158","-122.499","32.0","2019-06-07",,,"0.06",,,,,
"US1WAWC0019","BELLINGHAM 2.4 SW, WA US","48.7158","-122.499","32.0","2019-06-08",,,"0.01",,,,,
"US1WAWC0019","BELLINGHAM 2.4 SW, WA US","48.7158","-122.499","32.0","2019-06-09",,,"0.00","0.0",,,,
"US1WAWC0019","BELLINGHAM 2.4 SW, WA US","48.7158","-122.499","32.0","2019-06-10",,,"0.00","0.0",,,,
"US1WAWC0019","BELLINGHAM 2.4 SW, WA US","48.7158","-122.499","32.0","2019-06-11",,,"0.00","0.0",,,,
"US1WAWC0019","BELLINGHAM 2.4 SW, WA US","48.7158","-122.499","32.0","2019-06-12",,,"0.00","0.0",,,,
"US1WAWC0019","BELLINGHAM 2.4 SW, WA US","48.7158","-122.499","32.0","2019-06-13",,,"0.00","0.0",,,,
"US1WAWC0019","BELLINGHAM 2.4 SW, WA US","48.7158","-122.499","32.0","2019-06-14",,,"0.00","0.0",,,,
"US1WAWC0019","BELLINGHAM 2.4 SW, WA US","48.7158","-122.499","32.0","2019-06-15",,,"0.00","0.0",,,,
"US1WAWC0019","BELLINGHAM 2.4 SW, WA US","48.7158","-122.499","32.0","2019-06-16",,,"0.00","0.0",,,,
"US1WAWC0019","BELLINGHAM 2.4 SW, WA US","48.7158","-122.499","32.0","2019-06-17",,,"0.00","0.0",,,,
"US1WAWC0019","BELLINGHAM 2.4 SW, WA US","48.7158","-122.499","32.0","2019-06-18",,,"0.00","0.0",,,,
"US1WAWC0019","BELLINGHAM 2.4 SW, WA US","48.7158","-122.499","32.0","2019-06-19",,,"0.00","0.0",,,,
"US1WAWC0019","BELLINGHAM 2.4 SW, WA US","48.7158","-122.499","32.0","2019-06-20",,,"0.14",,,,,
"US1WAWC0019","BELLINGHAM 2.4 SW, WA US","48.7158","-122.499","32.0","2019-06-21",,,"0.00","0.0",,,,
"US1WAWC0019","BELLINGHAM 2.4 SW, WA US","48.7158","-122.499","32.0","2019-06-22",,,"0.00","0.0",,,,
"US1WAWC0019","BELLINGHAM 2.4 SW, WA US","48.7158","-122.499","32.0","2019-06-23",,,"0.12",,,,,
"US1WAWC0019","BELLINGHAM 2.4 SW, WA US","48.7158","-122.499","32.0","2019-06-24",,,"0.00","0.0",,,,
"US1WAWC0019","BELLINGHAM 2.4 SW, WA US","48.7158","-122.499","32.0","2019-06-25",,,"0.00","0.0",,,,
"US1WAWC0019","BELLINGHAM 2.4 SW, WA US","48.7158","-122.499","32.0","2019-06-26",,,"0.00","0.0",,,,
"US1WAWC0019","BELLINGHAM 2.4 SW, WA US","48.7158","-122.499","32.0","2019-06-27",,,"0.71",,,,,
"US1WAWC0019","BELLINGHAM 2.4 SW, WA US","48.7158","-122.499","32.0","2019-06-28",,,"0.42",,,,,
"US1WAWC0019","BELLINGHAM 2.4 SW, WA US","48.7158","-122.499","32.0","2019-06-29",,,"0.00","0.0",,,,
"US1WAWC0019","BELLINGHAM 2.4 SW, WA US","48.7158","-122.499","32.0","2019-06-30",,,"0.00","0.0",,,,
"US1WAWC0019","BELLINGHAM 2.4 SW, WA US","48.7158","-122.499","32.0","2019-07-01",,,"0.00","0.0",,,,
"US1WAWC0019","BELLINGHAM 2.4 SW, WA US","48.7158","-122.499","32.0","2019-07-02",,,"0.00","0.0",,,,
"US1WAWC0019","BELLINGHAM 2.4 SW, WA US","48.7158","-122.499","32.0","2019-07-03",,,"0.02",,,,,
"US1WAWC0019","BELLINGHAM 2.4 SW, WA US","48.7158","-122.499","32.0","2019-07-04",,,"0.00","0.0",,,,
"US1WAWC0019","BELLINGHAM 2.4 SW, WA US","48.7158","-122.499","32.0","2019-07-05",,,"0.08",,,,,
"US1WAWC0019","BELLINGHAM 2.4 SW, WA US","48.7158","-122.499","32.0","2019-07-06",,,"0.01",,,,,
"US1WAWC0019","BELLINGHAM 2.4 SW, WA US","48.7158","-122.499","32.0","2019-07-07",,,"0.00","0.0",,,,
"US1WAWC0019","BELLINGHAM 2.4 SW, WA US","48.7158","-122.499","32.0","2019-07-08",,,"0.00","0.0",,,,
"US1WAWC0019","BELLINGHAM 2.4 SW, WA US","48.7158","-122.499","32.0","2019-07-09",,,"0.00","0.0",,,,
"US1WAWC0019","BELLINGHAM 2.4 SW, WA US","48.7158","-122.499","32.0","2019-07-10",,,"0.07",,,,,
"US1WAWC0019","BELLINGHAM 2.4 SW, WA US","48.7158","-122.499","32.0","2019-07-11",,,"0.57",,,,,
"US1WAWC0019","BELLINGHAM 2.4 SW, WA US","48.7158","-122.499","32.0","2019-07-12",,,"0.08",,,,,
"US1WAWC0019","BELLINGHAM 2.4 SW, WA US","48.7158","-122.499","32.0","2019-07-13",,,"0.00","0.0",,,,
"US1WAWC0019","BELLINGHAM 2.4 SW, WA US","48.7158","-122.499","32.0","2019-07-14",,,"0.00","0.0",,,,
"US1WAWC0019","BELLINGHAM 2.4 SW, WA US","48.7158","-122.499","32.0","2019-07-15",,,"0.00","0.0",,,,
"US1WAWC0019","BELLINGHAM 2.4 SW, WA US","48.7158","-122.499","32.0","2019-07-16",,,"0.00","0.0",,,,
"US1WAWC0019","BELLINGHAM 2.4 SW, WA US","48.7158","-122.499","32.0","2019-07-17",,,"0.05",,,,,
"US1WAWC0019","BELLINGHAM 2.4 SW, WA US","48.7158","-122.499","32.0","2019-07-18",,,"0.07",,,,,
"US1WAWC0019","BELLINGHAM 2.4 SW, WA US","48.7158","-122.499","32.0","2019-07-19",,,"0.00","0.0",,,,
"US1WAWC0019","BELLINGHAM 2.4 SW, WA US","48.7158","-122.499","32.0","2019-07-20",,,"0.00","0.0",,,,
"US1WAWC0019","BELLINGHAM 2.4 SW, WA US","48.7158","-122.499","32.0","2019-07-21",,,"0.00","0.0",,,,
"US1WAWC0019","BELLINGHAM 2.4 SW, WA US","48.7158","-122.499","32.0","2019-07-22",,,"0.00","0.0",,,,
"US1WAWC0019","BELLINGHAM 2.4 SW, WA US","48.7158","-122.499","32.0","2019-07-23",,,"0.00","0.0",,,,
"US1WAWC0019","BELLINGHAM 2.4 SW, WA US","48.7158","-122.499","32.0","2019-07-24",,,"0.02",,,,,
"US1WAWC0019","BELLINGHAM 2.4 SW, WA US","48.7158","-122.499","32.0","2019-07-25",,,"0.00","0.0",,,,
"US1WAWC0019","BELLINGHAM 2.4 SW, WA US","48.7158","-122.499","32.0","2019-07-26",,,"0.00","0.0",,,,
"US1WAWC0019","BELLINGHAM 2.4 SW, WA US","48.7158","-122.499","32.0","2019-07-27",,,"0.02",,,,,
"US1WAWC0019","BELLINGHAM 2.4 SW, WA US","48.7158","-122.499","32.0","2019-07-28",,,"0.00","0.0",,,,
"US1WAWC0019","BELLINGHAM 2.4 SW, WA US","48.7158","-122.499","32.0","2019-07-29",,,"0.00","0.0",,,,
"US1WAWC0019","BELLINGHAM 2.4 SW, WA US","48.7158","-122.499","32.0","2019-07-30",,,"0.00","0.0",,,,
"US1WAWC0019","BELLINGHAM 2.4 SW, WA US","48.7158","-122.499","32.0","2019-07-31",,,"0.00","0.0",,,,
"US1WAWC0019","BELLINGHAM 2.4 SW, WA US","48.7158","-122.499","32.0","2019-08-01",,,"0.00","0.0",,,,
"US1WAWC0019","BELLINGHAM 2.4 SW, WA US","48.7158","-122.499","32.0","2019-08-02",,,"0.06",,,,,
"US1WAWC0019","BELLINGHAM 2.4 SW, WA US","48.7158","-122.499","32.0","2019-08-03",,,"0.00","0.0",,,,
"US1WAWC0019","BELLINGHAM 2.4 SW, WA US","48.7158","-122.499","32.0","2019-08-04",,,"0.00","0.0",,,,
"US1WAWC0019","BELLINGHAM 2.4 SW, WA US","48.7158","-122.499","32.0","2019-08-05",,,"0.00","0.0",,,,
"US1WAWC0019","BELLINGHAM 2.4 SW, WA US","48.7158","-122.499","32.0","2019-08-06",,,"0.00","0.0",,,,
"US1WAWC0019","BELLINGHAM 2.4 SW, WA US","48.7158","-122.499","32.0","2019-08-07",,,"0.00","0.0",,,,
"US1WAWC0019","BELLINGHAM 2.4 SW, WA US","48.7158","-122.499","32.0","2019-08-08",,,"0.00","0.0",,,,
"US1WAWC0019","BELLINGHAM 2.4 SW, WA US","48.7158","-122.499","32.0","2019-08-09",,,"0.00","0.0",,,,
"US1WAWC0019","BELLINGHAM 2.4 SW, WA US","48.7158","-122.499","32.0","2019-08-10",,,"0.02",,,,,
"US1WAWC0019","BELLINGHAM 2.4 SW, WA US","48.7158","-122.499","32.0","2019-08-11",,,"0.08",,,,,
"US1WAWC0019","BELLINGHAM 2.4 SW, WA US","48.7158","-122.499","32.0","2019-08-12",,,"0.00","0.0",,,,
"US1WAWC0019","BELLINGHAM 2.4 SW, WA US","48.7158","-122.499","32.0","2019-08-13",,,"0.00","0.0",,,,
"US1WAWC0019","BELLINGHAM 2.4 SW, WA US","48.7158","-122.499","32.0","2019-08-14",,,"0.00","0.0",,,,
"US1WAWC0019","BELLINGHAM 2.4 SW, WA US","48.7158","-122.499","32.0","2019-08-15",,,"0.00","0.0",,,,
"US1WAWC0019","BELLINGHAM 2.4 SW, WA US","48.7158","-122.499","32.0","2019-08-16",,,"0.00","0.0",,,,
"US1WAWC0019","BELLINGHAM 2.4 SW, WA US","48.7158","-122.499","32.0","2019-08-17",,,"0.00","0.0",,,,
"US1WAWC0019","BELLINGHAM 2.4 SW, WA US","48.7158","-122.499","32.0","2019-08-18",,,"0.00","0.0",,,,
"US1WAWC0019","BELLINGHAM 2.4 SW, WA US","48.7158","-122.499","32.0","2019-08-19",,,"0.00","0.0",,,,
"US1WAWC0019","BELLINGHAM 2.4 SW, WA US","48.7158","-122.499","32.0","2019-08-20",,,"0.00","0.0",,,,
"US1WAWC0019","BELLINGHAM 2.4 SW, WA US","48.7158","-122.499","32.0","2019-08-21",,,"0.01",,,,,
"US1WAWC0019","BELLINGHAM 2.4 SW, WA US","48.7158","-122.499","32.0","2019-08-22",,,"0.17",,,,,
"US1WAWC0019","BELLINGHAM 2.4 SW, WA US","48.7158","-122.499","32.0","2019-08-23",,,"0.00","0.0",,,,
"US1WAWC0019","BELLINGHAM 2.4 SW, WA US","48.7158","-122.499","32.0","2019-08-24",,,"0.16",,,,,
"US1WAWC0019","BELLINGHAM 2.4 SW, WA US","48.7158","-122.499","32.0","2019-08-25",,,"0.04",,,,,
"US1WAWC0019","BELLINGHAM 2.4 SW, WA US","48.7158","-122.499","32.0","2019-08-26",,,"0.00","0.0",,,,
"US1WAWC0019","BELLINGHAM 2.4 SW, WA US","48.7158","-122.499","32.0","2019-08-27",,,"0.00","0.0",,,,
"US1WAWC0019","BELLINGHAM 2.4 SW, WA US","48.7158","-122.499","32.0","2019-08-28",,,"0.00","0.0",,,,
"US1WAWC0019","BELLINGHAM 2.4 SW, WA US","48.7158","-122.499","32.0","2019-08-29",,,"0.00","0.0",,,,
"US1WAWC0019","BELLINGHAM 2.4 SW, WA US","48.7158","-122.499","32.0","2019-08-30",,,"0.26",,,,,
"US1WAWC0019","BELLINGHAM 2.4 SW, WA US","48.7158","-122.499","32.0","2019-08-31",,,"0.00","0.0",,,,
"US1WAWC0019","BELLINGHAM 2.4 SW, WA US","48.7158","-122.499","32.0","2019-09-01",,,"0.00","0.0",,,,
"US1WAWC0019","BELLINGHAM 2.4 SW, WA US","48.7158","-122.499","32.0","2019-09-02",,,"0.00","0.0",,,,
"US1WAWC0019","BELLINGHAM 2.4 SW, WA US","48.7158","-122.499","32.0","2019-09-03",,,"0.01",,,,,
"US1WAWC0019","BELLINGHAM 2.4 SW, WA US","48.7158","-122.499","32.0","2019-09-04",,,"0.00","0.0",,,,
"US1WAWC0019","BELLINGHAM 2.4 SW, WA US","48.7158","-122.499","32.0","2019-09-05",,,"0.00","0.0",,,,
"US1WAWC0019","BELLINGHAM 2.4 SW, WA US","48.7158","-122.499","32.0","2019-09-06",,,"0.00","0.0",,,,
"US1WAWC0019","BELLINGHAM 2.4 SW, WA US","48.7158","-122.499","32.0","2019-09-07",,,"0.00","0.0",,,,
"US1WAWC0019","BELLINGHAM 2.4 SW, WA US","48.7158","-122.499","32.0","2019-09-08",,,"0.48",,,,,
"US1WAWC0019","BELLINGHAM 2.4 SW, WA US","48.7158","-122.499","32.0","2019-09-09",,,"0.13",,,,,
"US1WAWC0019","BELLINGHAM 2.4 SW, WA US","48.7158","-122.499","32.0","2019-09-10",,,"0.19",,,,,
"US1WAWC0019","BELLINGHAM 2.4 SW, WA US","48.7158","-122.499","32.0","2019-09-11",,,"0.00","0.0",,,,
"US1WAWC0019","BELLINGHAM 2.4 SW, WA US","48.7158","-122.499","32.0","2019-09-18","    7","2.18",,,,,,
"US1WAWC0019","BELLINGHAM 2.4 SW, WA US","48.7158","-122.499","32.0","2019-09-19",,,"0.01",,,,,
"US1WAWC0019","BELLINGHAM 2.4 SW, WA US","48.7158","-122.499","32.0","2019-09-20",,,"0.00","0.0",,,,
"US1WAWC0019","BELLINGHAM 2.4 SW, WA US","48.7158","-122.499","32.0","2019-09-21",,,"0.00","0.0",,,,
"US1WAWC0019","BELLINGHAM 2.4 SW, WA US","48.7158","-122.499","32.0","2019-09-22",,,"0.12",,,,,
"US1WAWC0019","BELLINGHAM 2.4 SW, WA US","48.7158","-122.499","32.0","2019-09-23",,,"0.18",,,,,
"US1WAWC0019","BELLINGHAM 2.4 SW, WA US","48.7158","-122.499","32.0","2019-09-24",,,"0.17",,,,,
"US1WAWC0019","BELLINGHAM 2.4 SW, WA US","48.7158","-122.499","32.0","2019-09-25",,,"0.00","0.0",,,,
"US1WAWC0019","BELLINGHAM 2.4 SW, WA US","48.7158","-122.499","32.0","2019-09-26",,,"0.58",,,,,
"US1WAWC0019","BELLINGHAM 2.4 SW, WA US","48.7158","-122.499","32.0","2019-09-27",,,"0.01",,,,,
"US1WAWC0019","BELLINGHAM 2.4 SW, WA US","48.7158","-122.499","32.0","2019-09-28",,,"0.69",,,,,
"US1WAWC0019","BELLINGHAM 2.4 SW, WA US","48.7158","-122.499","32.0","2019-09-29",,,"0.00","0.0",,,,
"US1WAWC0019","BELLINGHAM 2.4 SW, WA US","48.7158","-122.499","32.0","2019-09-30",,,"0.00","0.0",,,,
"US1WAWC0019","BELLINGHAM 2.4 SW, WA US","48.7158","-122.499","32.0","2019-10-01",,,"0.00","0.0",,,,
"US1WAWC0019","BELLINGHAM 2.4 SW, WA US","48.7158","-122.499","32.0","2019-10-02",,,"0.00","0.0",,,,
"US1WAWC0019","BELLINGHAM 2.4 SW, WA US","48.7158","-122.499","32.0","2019-10-03",,,"0.01",,,,,
"US1WAWC0019","BELLINGHAM 2.4 SW, WA US","48.7158","-122.499","32.0","2019-10-04",,,"0.06",,,,,
"US1WAWC0019","BELLINGHAM 2.4 SW, WA US","48.7158","-122.499","32.0","2019-10-05",,,"0.30",,,,,
"US1WAWC0019","BELLINGHAM 2.4 SW, WA US","48.7158","-122.499","32.0","2019-10-06",,,"0.00","0.0",,,,
"US1WAWC0019","BELLINGHAM 2.4 SW, WA US","48.7158","-122.499","32.0","2019-10-07",,,"0.27",,,,,
"US1WAWC0019","BELLINGHAM 2.4 SW, WA US","48.7158","-122.499","32.0","2019-10-08",,,"0.20",,,,,
"US1WAWC0019","BELLINGHAM 2.4 SW, WA US","48.7158","-122.499","32.0","2019-10-09",,,"0.28",,,,,
"US1WAWC0019","BELLINGHAM 2.4 SW, WA US","48.7158","-122.499","32.0","2019-10-10",,,"0.00","0.0",,,,
"US1WAWC0019","BELLINGHAM 2.4 SW, WA US","48.7158","-122.499","32.0","2019-10-11",,,"0.00","0.0",,,,
"US1WAWC0019","BELLINGHAM 2.4 SW, WA US","48.7158","-122.499","32.0","2019-10-12",,,"0.00","0.0",,,,
"US1WAWC0019","BELLINGHAM 2.4 SW, WA US","48.7158","-122.499","32.0","2019-10-13",,,"0.02",,,,,
